filename,assigned_label,label_index
ha.0f4N-Neil .jpg,ha,1
ha.0oJL-James.jpg,ha,1
ha.0onE-James.jpg,ha,1
ha.0VXX-Neil .jpg,ha,1
ha.1PAG-James.jpg,ha,1
ha.1WI3-Neil .jpg,ha,1
ha.1YD5-Neil .jpg,ha,1
ha.2BIc-Neil .jpg,ha,1
ha.4tBX-Niall.jpg,ha,1
ha.557P-Neil .jpg,ha,1
ha.5y4I-Neil .jpg,ha,1
ha.6amG-Neil .jpg,ha,1
ha.6c3o-Neil .jpg,ha,1
ha.6LjU-Neil .jpg,ha,1
ha.6mxC-Neil .jpg,ha,1
ha.8o8N-Neil .jpg,ha,1
ha.8p5w-Neil .jpg,ha,1
ha.94iX-Neil .jpg,ha,1
ha.9d3u-James.jpg,ha,1
ha.9ot3-Neil .jpg,ha,1
ha.9SKx-James.jpg,ha,1
ha.a2vY-Neil .jpg,ha,1
ha.AcPD-Louis.jpg,ha,1
ha.aNnF-James.jpg,ha,1
ha.aUa6-Neil .jpg,ha,1
ha.Av4K-Neil .jpg,ha,1
ha.axBn-Neil .jpg,ha,1
ha.AZIJ-Neil .jpg,ha,1
ha.AzX6-Neil .jpg,ha,1
ha.blkP-Harry.jpg,ha,1
ha.BrXN-James.jpg,ha,1
ha.C2Ki-Neil .jpg,ha,1
ha.C7gU-Neil .jpg,ha,1
ha.Cdyl-Neil .jpg,ha,1
ha.CiAm-Neil .jpg,ha,1
ha.cl8z-Neil .jpg,ha,1
ha.CMz2-James.jpg,ha,1
ha.dbAn-James.jpg,ha,1
ha.dhwN-Neil .jpg,ha,1
ha.DSAG-Neil .jpg,ha,1
ha.DufM-Neil .jpg,ha,1
ha.EbeF-James.jpg,ha,1
ha.eiG1-Neil .jpg,ha,1
ha.FQkP-Neil .jpg,ha,1
ha.G18H-Neil .jpg,ha,1
ha.G6tH-James.jpg,ha,1
ha.geqK-James.jpg,ha,1
ha.gFib-James.jpg,ha,1
ha.gfkW-Neil .jpg,ha,1
ha.GFmT-James.jpg,ha,1
ha.GMRa-Neil .jpg,ha,1
ha.gQIJ-Roger.jpg,ha,1
ha.gUfn-James.jpg,ha,1
ha.h0V8-Neil .jpg,ha,1
ha.hjHT-Neil .jpg,ha,1
ha.hllP-Neil .jpg,ha,1
ha.HMgX-Neil .jpg,ha,1
ha.hrcI-Neil .jpg,ha,1
ha.I0Cl-Neil .jpg,ha,1
ha.I7fa-Neil .jpg,ha,1
ha.IgsF-Neil .jpg,ha,1
ha.iHfi-Neil .jpg,ha,1
ha.ikgI-Neil .jpg,ha,1
ha.IUGg-Neil .jpg,ha,1
ha.Ixfy-Neil .jpg,ha,1
ha.J5Ek-Neil .jpg,ha,1
ha.JDjD-Neil .jpg,ha,1
ha.JLhT-James.jpg,ha,1
ha.JsbN-Neil .jpg,ha,1
ha.jwx7-Neil .jpg,ha,1
ha.JxeY-Neil .jpg,ha,1
ha.jXxX-James.jpg,ha,1
ha.jYqP-Luntian Grace.jpg,ha,1
ha.Kec8-Neil .jpg,ha,1
ha.kjPE-Neil .jpg,ha,1
ha.L9LM-James.jpg,ha,1
ha.LQsc-James.jpg,ha,1
ha.lrB6-James.jpg,ha,1
ha.M1LK-James.jpg,ha,1
ha.M3ev-James.jpg,ha,1
ha.m6jY-Neil .jpg,ha,1
ha.mCe5-James.jpg,ha,1
ha.MExu-James.jpg,ha,1
ha.MHOr-Luntian Grace.jpg,ha,1
ha.mI6z-Neil .jpg,ha,1
ha.MqDp-Neil .jpg,ha,1
ha.MSD2-Neil .jpg,ha,1
ha.MsTS-Neil .jpg,ha,1
ha.n89P-Neil .jpg,ha,1
ha.Na39-Neil .jpg,ha,1
ha.NAqD-Neil .jpg,ha,1
ha.nGK2-Neil .jpg,ha,1
ha.OAlt-Neil .jpg,ha,1
ha.OdT2-James.jpg,ha,1
ha.ofp8-Neil .jpg,ha,1
ha.oMas-Neil .jpg,ha,1
ha.OTRe-Neil .jpg,ha,1
ha.OuSg-Neil .jpg,ha,1
ha.p3jh-Neil .jpg,ha,1
ha.p8O9-Neil .jpg,ha,1
ha.pQAY-Neil .jpg,ha,1
ha.PrhW-Neil .jpg,ha,1
ha.PSdX-James.jpg,ha,1
ha.PyZN-Neil .jpg,ha,1
ha.QCPo-Neil .jpg,ha,1
ha.Qekg-Neil .jpg,ha,1
ha.qhPA-ZaynMalik.jpg,ha,1
ha.Qnzb-James.jpg,ha,1
ha.r62N-Neil .jpg,ha,1
ha.RHeM-James.jpg,ha,1
ha.RNli-Neil .jpg,ha,1
ha.rNTO-Neil .jpg,ha,1
ha.Roay-James.jpg,ha,1
ha.rqj9-Neil .jpg,ha,1
ha.RRiX-Neil .jpg,ha,1
ha.rvH6-James.jpg,ha,1
ha.s7HI-Neil .jpg,ha,1
ha.sbIa-Neil .jpg,ha,1
ha.slv1-Neil .jpg,ha,1
ha.T1Da-Neil .jpg,ha,1
ha.TrS3-James.jpg,ha,1
ha.U77i-Neil .jpg,ha,1
ha.UJ2Y-James.jpg,ha,1
ha.UMbh-Neil .jpg,ha,1
ha.UNdf-Neil .jpg,ha,1
ha.UNIx-James.jpg,ha,1
ha.Utq9-James.jpg,ha,1
ha.uxC4-James.jpg,ha,1
ha.v9Lw-Neil .jpg,ha,1
ha.vCqK-James.jpg,ha,1
ha.vDA0-Neil .jpg,ha,1
ha.vSLE-Neil .jpg,ha,1
ha.W8pZ-Neil .jpg,ha,1
ha.wmTK-Neil .jpg,ha,1
ha.wsG0-Neil .jpg,ha,1
ha.x4cC-James.jpg,ha,1
ha.xcaR-Neil .jpg,ha,1
ha.xFD7-Neil .jpg,ha,1
ha.xirb-Neil .jpg,ha,1
ha.XKq6-Neil .jpg,ha,1
ha.xzC8-James.jpg,ha,1
ha.YBOv-Neil .jpg,ha,1
ha.yg9D-Neil .jpg,ha,1
ha.YUor-Neil .jpg,ha,1
ha.z3ui-Neil .jpg,ha,1
ha.Zy78-James.jpg,ha,1
ka.1I6s-James.jpg,ka,3
ka.28mg-James.jpg,ka,3
ka.2Brc-James.jpg,ka,3
ka.2ORr-James.jpg,ka,3
ka.54as-James.jpg,ka,3
ka.5Bgi-Harry.jpg,ka,3
ka.5dI2-James.jpg,ka,3
ka.5LAo-James.jpg,ka,3
ka.5lM7-James.jpg,ka,3
ka.71eb-James.jpg,ka,3
ka.744c-James.jpg,ka,3
ka.7eD8-James.jpg,ka,3
ka.7IcA-James.jpg,ka,3
ka.7JKb-James.jpg,ka,3
ka.7l3s-James.jpg,ka,3
ka.8B3x-James.jpg,ka,3
ka.9AbI-James.jpg,ka,3
ka.9ltP-Louis.jpg,ka,3
ka.9wml-James.jpg,ka,3
ka.aXLO-James.jpg,ka,3
ka.bFNW-James.jpg,ka,3
ka.bI3a-James.jpg,ka,3
ka.BkMF-Luntian Grace.jpg,ka,3
ka.C0Du-James.jpg,ka,3
ka.ca5t-James.jpg,ka,3
ka.caxl-James.jpg,ka,3
ka.cDn4-James.jpg,ka,3
ka.ceYN-James.jpg,ka,3
ka.cHQ5-James.jpg,ka,3
ka.cupl-James.jpg,ka,3
ka.dlr2-James.jpg,ka,3
ka.dxpk-James.jpg,ka,3
ka.EAiv-James.jpg,ka,3
ka.ebBr-James.jpg,ka,3
ka.ekhT-James.jpg,ka,3
ka.Ew2I-James.jpg,ka,3
ka.FmBk-James.jpg,ka,3
ka.fmce-James.jpg,ka,3
ka.fUsy-ZaynMalik.jpg,ka,3
ka.GtY8-James.jpg,ka,3
ka.gzc4-James.jpg,ka,3
ka.hHkN-James.jpg,ka,3
ka.hOXW-James.jpg,ka,3
ka.HQvr-James.jpg,ka,3
ka.IEoL-James.jpg,ka,3
ka.IexU-James.jpg,ka,3
ka.IXIu-James.jpg,ka,3
ka.IXxV-James.jpg,ka,3
ka.IZIQ-James.jpg,ka,3
ka.Jd3I-James.jpg,ka,3
ka.ju61-James.jpg,ka,3
ka.K3fW-Niall.jpg,ka,3
ka.K7BK-James.jpg,ka,3
ka.KaFs-James.jpg,ka,3
ka.kfEH-James.jpg,ka,3
ka.kYnB-James.jpg,ka,3
ka.L07f-James.jpg,ka,3
ka.L2Qf-James.jpg,ka,3
ka.l6qF-James.jpg,ka,3
ka.lcsw-James.jpg,ka,3
ka.lDpg-Roger.jpg,ka,3
ka.lfny-James.jpg,ka,3
ka.LgKR-James.jpg,ka,3
ka.lGp6-James.jpg,ka,3
ka.LNyc-James.jpg,ka,3
ka.lrD7-James.jpg,ka,3
ka.LvCA-James.jpg,ka,3
ka.Lygq-James.jpg,ka,3
ka.LzFb-James.jpg,ka,3
ka.MiXr-James.jpg,ka,3
ka.mXfI-James.jpg,ka,3
ka.nfOg-James.jpg,ka,3
ka.nGTG-James.jpg,ka,3
ka.OG6A-James.jpg,ka,3
ka.oKDs-James.jpg,ka,3
ka.p8C2-James.jpg,ka,3
ka.pGOC-James.jpg,ka,3
ka.QapJ-James.jpg,ka,3
ka.qDaq-James.jpg,ka,3
ka.qe5Y-James.jpg,ka,3
ka.QjFR-Luntian Grace.jpg,ka,3
ka.QOoy-James.jpg,ka,3
ka.qSBe-James.jpg,ka,3
ka.qT8A-James.jpg,ka,3
ka.QTqb-James.jpg,ka,3
ka.Qxfh-James.jpg,ka,3
ka.R6jz-James.jpg,ka,3
ka.rDsc-James.jpg,ka,3
ka.rNtS-James.jpg,ka,3
ka.RR5D-James.jpg,ka,3
ka.RSyS-James.jpg,ka,3
ka.Si8T-James.jpg,ka,3
ka.sLLM-James.jpg,ka,3
ka.SniO-James.jpg,ka,3
ka.sp5F-James.jpg,ka,3
ka.SUwY-James.jpg,ka,3
ka.temD-James.jpg,ka,3
ka.TKaH-James.jpg,ka,3
ka.TUcW-James.jpg,ka,3
ka.uIvJ-James.jpg,ka,3
ka.uNBl-James.jpg,ka,3
ka.uysZ-James.jpg,ka,3
ka.voe6-James.jpg,ka,3
ka.VoZN-James.jpg,ka,3
ka.vTng-James.jpg,ka,3
ka.VU5H-James.jpg,ka,3
ka.vVO0-James.jpg,ka,3
ka.WbWo-James.jpg,ka,3
ka.WC9r-James.jpg,ka,3
ka.WG8m-James.jpg,ka,3
ka.wj22-James.jpg,ka,3
ka.wNhG-James.jpg,ka,3
ka.X60I-James.jpg,ka,3
ka.XSwl-James.jpg,ka,3
ka.xwsH-James.jpg,ka,3
ka.yKPK-James.jpg,ka,3
ka.yq4S-James.jpg,ka,3
ka.ySZs-James.jpg,ka,3
ka.YtEh-James.jpg,ka,3
ka.z5lm-James.jpg,ka,3
ka.ZHN7-James.jpg,ka,3
pa.0744-Neil.jpg,pa,2
pa.0TGW-Neil.jpg,pa,2
pa.0Wey-Neil.jpg,pa,2
pa.1uaY-Gherson.jpg,pa,2
pa.2Syl-Henry.jpg,pa,2
pa.2ui9-Gherson.jpg,pa,2
pa.2XqS-Neil.jpg,pa,2
pa.37E5-James.jpg,pa,2
pa.3KOY-Neil.jpg,pa,2
pa.3oVY-Neil.jpg,pa,2
pa.3QE3-Neil.jpg,pa,2
pa.3TBs-Neil.jpg,pa,2
pa.3tD0-Dustin.jpg,pa,2
pa.3wRs-Nino.jpg,pa,2
pa.4hWH-Neil.jpg,pa,2
pa.4hWO-Neil.jpg,pa,2
pa.4Hzc-Neil.jpg,pa,2
pa.5P23-Henry.jpg,pa,2
pa.5uQD-Nino.jpg,pa,2
pa.5Y2w-Henry.jpg,pa,2
pa.74GB-Dustin.jpg,pa,2
pa.74Xf-Neil.jpg,pa,2
pa.7BOT-Nino.jpg,pa,2
pa.7P8x-Neil.jpg,pa,2
pa.7X9t-Neil.jpg,pa,2
pa.81TK-Gherson.jpg,pa,2
pa.82kg-Neil.jpg,pa,2
pa.9JqO-Neil.jpg,pa,2
pa.9mue-Neil.jpg,pa,2
pa.AdDb-Henry.jpg,pa,2
pa.AkKv-Gherson.jpg,pa,2
pa.AmsP-ZaynMalik.jpg,pa,2
pa.aRCL-Nino.jpg,pa,2
pa.B2a2-Neil.jpg,pa,2
pa.B5BP-Neil.jpg,pa,2
pa.BfCn-Roger.jpg,pa,2
pa.BJxt-Gherson.jpg,pa,2
pa.bLey-Henry.jpg,pa,2
pa.BMbx-James.jpg,pa,2
pa.bqgh-Neil.jpg,pa,2
pa.BvNY-Nino.jpg,pa,2
pa.c3N6-Gherson.jpg,pa,2
pa.cFuT-Gherson.jpg,pa,2
pa.cOvI-James.jpg,pa,2
pa.CqZV-Neil.jpg,pa,2
pa.d6MO-Neil.jpg,pa,2
pa.dkAE-James.jpg,pa,2
pa.doyw-Neil.jpg,pa,2
pa.DsMu-Neil.jpg,pa,2
pa.Dth8-Neil.jpg,pa,2
pa.e3Mx-Neil.jpg,pa,2
pa.E4Co-Neil.jpg,pa,2
pa.eG6B-Dustin.jpg,pa,2
pa.eJkp-Neil.jpg,pa,2
pa.eOCl-Neil.jpg,pa,2
pa.EvDr-Henry.jpg,pa,2
pa.f06X-Neil.jpg,pa,2
pa.F6b7-Neil.jpg,pa,2
pa.Fa4c-Neil.jpg,pa,2
pa.fiok-Henry.jpg,pa,2
pa.FqA6-Nino.jpg,pa,2
pa.fsSp-Neil.jpg,pa,2
pa.gmBe-Neil.jpg,pa,2
pa.gwQN-Neil.jpg,pa,2
pa.Gwvx-Nino.jpg,pa,2
pa.h5gB-Gherson.jpg,pa,2
pa.HB6f-Gherson.jpg,pa,2
pa.hgrq-Neil.jpg,pa,2
pa.HHE1-Neil.jpg,pa,2
pa.HIkn-Neil.jpg,pa,2
pa.Hj5q-Neil.jpg,pa,2
pa.hmKR-James.jpg,pa,2
pa.hpP3-Neil.jpg,pa,2
pa.HtLk-Gherson.jpg,pa,2
pa.hyJN-Neil.jpg,pa,2
pa.I3rA-Neil.jpg,pa,2
pa.IgHj-Neil.jpg,pa,2
pa.Ijm5-Nino.jpg,pa,2
pa.iM9y-Gherson.jpg,pa,2
pa.In50-Gherson.jpg,pa,2
pa.iopM-Nino.jpg,pa,2
pa.IybC-Neil.jpg,pa,2
pa.iySe-Neil.jpg,pa,2
pa.IZyG-Neil.jpg,pa,2
pa.J2GT-Neil.jpg,pa,2
pa.jcT9-Neil.jpg,pa,2
pa.JXQC-Neil.jpg,pa,2
pa.k59V-Neil.jpg,pa,2
pa.K9aE-Nino.jpg,pa,2
pa.kD3I-Neil.jpg,pa,2
pa.kGYI-Nino.jpg,pa,2
pa.Kipy-Henry.jpg,pa,2
pa.kmYU-Neil.jpg,pa,2
pa.KSf5-Neil.jpg,pa,2
pa.kvft-Neil.jpg,pa,2
pa.KvgF-Gherson.jpg,pa,2
pa.kVhO-Neil.jpg,pa,2
pa.kvOl-Neil.jpg,pa,2
pa.Kxib-Neil.jpg,pa,2
pa.kXq1-Dustin.jpg,pa,2
pa.L0BO-Dustin.jpg,pa,2
pa.ljJh-Gherson.jpg,pa,2
pa.LPRn-Henry.jpg,pa,2
pa.lq8u-Neil.jpg,pa,2
pa.lreR-Louis.jpg,pa,2
pa.Lsif-Nino.jpg,pa,2
pa.lSY3-Neil.jpg,pa,2
pa.lWOd-Nino.jpg,pa,2
pa.m0Am-Neil.jpg,pa,2
pa.m5ee-Henry.jpg,pa,2
pa.MBzr-Nino.jpg,pa,2
pa.mCBS-Neil.jpg,pa,2
pa.mdAG-Luntian Grace.jpg,pa,2
pa.mJD2-Dustin.jpg,pa,2
pa.MKoh-Neil.jpg,pa,2
pa.MOXs-Neil.jpg,pa,2
pa.MQHC-Nino.jpg,pa,2
pa.MtfC-Neil.jpg,pa,2
pa.N9BX-Neil.jpg,pa,2
pa.NEIB-Neil.jpg,pa,2
pa.nPIP-Neil.jpg,pa,2
pa.nqrg-Gherson.jpg,pa,2
pa.NsfS-Dustin.jpg,pa,2
pa.NuId-Gherson.jpg,pa,2
pa.nYGl-Neil.jpg,pa,2
pa.odCZ-Neil.jpg,pa,2
pa.oEb4-Nino.jpg,pa,2
pa.Oyyn-Nino.jpg,pa,2
pa.P9De-Neil.jpg,pa,2
pa.PERZ-Neil.jpg,pa,2
pa.pGXf-James.jpg,pa,2
pa.PJL9-Neil.jpg,pa,2
pa.pMfS-Henry.jpg,pa,2
pa.pzeb-Neil.jpg,pa,2
pa.q8RS-Neil.jpg,pa,2
pa.Qd8L-Neil.jpg,pa,2
pa.qgEG-Neil.jpg,pa,2
pa.qhGz-Nino.jpg,pa,2
pa.qL0T-Dustin.jpg,pa,2
pa.qOFL-Neil.jpg,pa,2
pa.qsN4-Nino.jpg,pa,2
pa.R8T1-Gherson.jpg,pa,2
pa.r9S8-Neil.jpg,pa,2
pa.ra9S-Henry.jpg,pa,2
pa.RhTN-James.jpg,pa,2
pa.rOiu-Gherson.jpg,pa,2
pa.Rp0Q-Henry.jpg,pa,2
pa.RYQu-Neil.jpg,pa,2
pa.s1ce-Neil.jpg,pa,2
pa.SbX7-James.jpg,pa,2
pa.SPH2-Neil.jpg,pa,2
pa.SpZ1-Neil.jpg,pa,2
pa.SuLi-Nino.jpg,pa,2
pa.thrc-Neil.jpg,pa,2
pa.tkqc-Gherson.jpg,pa,2
pa.tQWQ-Neil.jpg,pa,2
pa.tRDj-Gherson.jpg,pa,2
pa.U1gK-Gherson.jpg,pa,2
pa.u2rI-Henry.jpg,pa,2
pa.umAh-Nino.jpg,pa,2
pa.uZbl-Neil.jpg,pa,2
pa.V6up-Niall.jpg,pa,2
pa.vaop-Neil.jpg,pa,2
pa.vDLl-Harry.jpg,pa,2
pa.VenC-Nino.jpg,pa,2
pa.vHG9-Nino.jpg,pa,2
pa.vJe5-Nino.jpg,pa,2
pa.wLfI-Gherson.jpg,pa,2
pa.WZgI-Neil.jpg,pa,2
pa.X5L5-Neil.jpg,pa,2
pa.x60j-Neil.jpg,pa,2
pa.xmNn-Neil.jpg,pa,2
pa.XsuD-Neil.jpg,pa,2
pa.XydW-Lutian Grace .jpg,pa,2
pa.xzK6-James.jpg,pa,2
pa.yaId-Nino.jpg,pa,2
pa.YFmn-Neil.jpg,pa,2
pa.yh5n-Gherson.jpg,pa,2
pa.Yhx4-Neil.jpg,pa,2
pa.YK9o-Nino.jpg,pa,2
pa.Yl1V-Gherson.jpg,pa,2
pa.YLJq-Neil.jpg,pa,2
pa.yXjE-Neil.jpg,pa,2
pa.Z3D9-Henry.jpg,pa,2
pa.Z5Mf-Neil.jpg,pa,2
pa.ZF4b-Neil.jpg,pa,2
pa.zfFp-James.jpg,pa,2
pa.zFSO-Neil.jpg,pa,2
pa.zglY-Gherson.jpg,pa,2
pa.znLH-Henry.jpg,pa,2
pa.ZRYo-Neil.jpg,pa,2
pa.ZXXr-Nino.jpg,pa,2
